id,address,lattitude,longitude,start timestamp,end timestamp,area,status(active/close),count,key(for  newly updated data),road contractor details
1,"590, 3rd Rd, Ram Krishna Nagar, Khar West
Mumbai, Maharashtra, India
",19.066435,72.838857,41732,,Bandra,active,9462,,
2,"590, 3rd Rd, Ram Krishna Nagar, Khar West
Mumbai, Maharashtra 400052, India
",19.067196,72.83895,41763,,Bandra,active,3529,,
3,"99, Swami Vivekanand Rd, Ram Krishna Nagar, Khar West
Mumbai, Maharashtra 400052, India
",19.071173,72.837442,41821,,Bandra,active,4758,,
4,"99, Swami Vivekanand Rd, Ram Krishna Nagar, Khar West
Mumbai, Maharashtra 400052, India",19.070752,72.837335,41665,,Bandra,active,8947,,
5,"15-A, Swami Vivekanand Rd, Pali Village, Khar West
Mumbai, Maharashtra, India
",19.06693,72.83725,41845,,Bandra,active,3970,,
6,"Modern Battery Service Station
28, Swami Vivekanand Road`, Old Khar, Near Hindustan Petrol Pump, Khar (W), Swami Vivekanand Rd, Khar East, Mumbai, Maharashtra 400052, India
",19.064952,72.837299,41895,,Bandra,active,3881,,
7,"DR. NOORANI'S HOMEO CLINIC
Mumbai, Maharashtra 400050, India
",19.055684,72.837423,41960,,Bandra,active,6498,,
8,"
Silver Streak
Mumbai, Maharashtra 400052, India
",19.071366,72.834106,41985,,Bandra,active,4098,,
9,"710, Linking Rd, Khar West
Mumbai, Maharashtra 400052, India
",19.06879,72.833559,41663,,Bandra,active,1158,,
10,"21st century Motion Arts
Mumbai, Maharashtra 400052, India
",19.066736,72.833849,41916,,Bandra,active,5411,,
11,"512, Linking Rd, Pali Village, Khar West
Mumbai, Maharashtra, India
",19.064282,72.834868,41734,,Bandra,active,932,,
12,"Zodiac
Mumbai, Maharashtra 400050, India
",19.061874,72.835879,41665,,Bandra,active,7047,,
13,"Charle Collection
Mumbai, Maharashtra 400054, India
",19.082062,72.834409,41646,,Bandra,active,2572,,
14,"Khar - Danda Rd, Danda, Pali Hill
Mumbai, Maharashtra 400052, India
",19.075168,72.825311,41668,,Bandra,active,8819,,
15,"Dattaram Lad Path, Danda Village, Khar Danda
Mumbai, Maharashtra 400052, India
",19.073951,72.822178,41768,,Bandra,active,2503,,
16,"Dattaram Lad Path, Union Park, Pali Hill
Mumbai, Maharashtra 400052, India
",19.070523,72.822478,41863,,Bandra,active,4478,,
17,"Sagar Darshan
Carter Rd, India
",19.066325,72.823015,41964,,Bandra,active,9823,,
18,"2, Carter Rd, Pali Hill
Mumbai, Maharashtra, India
",19.062857,72.822521,41917,,Bandra,active,3940,,
19,"Sagar Milk Center
Mumbai, Maharashtra 400050, India
",19.057909,72.823766,41703,,Bandra,active,3269,,
20,"Holi Family Hospital
",19.054785,72.827435,41719,,Bandra,active,5083,,
21,"Bandra West
Mumbai, Maharashtra 400050, India
",19.052433,72.824023,41759,,Bandra,active,9853,,
22,"Damsel
Mumbai, Maharashtra 400050, India
",19.056023,72.834516,41652,,Bandra,active,9780,,
23,"Baxubhai Mansion
Hill Rd, Bandra West, Mumbai, Maharashtra 400050, India
",19.0544,72.837542,41853,,Bandra,active,5389,,
24,"Gurunanak Marg, Patkar Blocks, Bandra West
Mumbai, Maharashtra 400050, India
",19.055819,72.839497,41661,,Bandra,active,7984,,
25,"3, Swami Vivekanand Rd, Mahim Koliwada, Mahim West, Mahim
Mumbai, Maharashtra 400016, India
",19.045242,72.838982,41904,,Bandra,active,8530,,
26,"Turner Rd, Patkar Blocks, Bandra West
Mumbai, Maharashtra 400050, India
",19.057426,72.838607,41718,,Bandra,active,6805,,
27,"512, Linking Rd, Pali Village, Khar West
Mumbai, Maharashtra, India
",19.064132,72.834962,41755,,Bandra,active,3849,,
28,"MV Zhen Don Ship Rd, Railway Colony, Shirley, Pali Hill
Mumbai, Maharashtra 400050, India
",19.064527,72.82308,41922,,Bandra,active,8678,,
29,"26, Carter Rd, Pali Hill
Mumbai, Maharashtra, India
",19.061465,72.822157,41888,,Bandra,active,5622,,
30,"Creek Rd, Mangroves Forest, Andheri West
Mumbai, Maharashtra 400102, India
",19.150825,72.825559,41865,,Andheri,active,8589,,
31,"Mahavir Properties
Bhau Tatoba Toraskar Marg, Mhada Colony, Andheri West, Mumbai, Maharashtra 400053, India
",19.151757,72.831739,41811,,Andheri,active,2222,,
32,"New Satyle Hair Cutting Salon
Patliputra, Goregaon West, Mumbai, Maharashtra 400104, India
",19.154108,72.835515,41849,,Andheri,active,3612,,
33,"Sandip Salon
Link Rd, Mitha Nagar, Goregaon West, Mumbai, Maharashtra 400062, India
",19.163189,72.834829,41804,,Andheri,active,6469,,
34,"Advanced Excel Macros Corporate Trainers in Mumbai
Mumbai, Maharashtra 400090, India
",19.164912,72.834571,41917,,Andheri,active,2582,,
35,"Swami Vivekanand Rd, Belwalkar Wadi, Goregaon West
Mumbai, Maharashtra 400104, India
",19.164243,72.845772,41957,,Andheri,active,8858,,
36,"Dr. Sonali's Skin Hair & Cosmetology Clinic
Swami Vivekanand Rd, Mahesh Nagar, Goregaon West, Mumbai, Maharashtra 400062, India
",19.17081,72.845236,41951,,Andheri,active,6057,,
37,"209-210, Link Rd, Ram Nagar, Malad West
Mumbai, Maharashtra, India
",19.173566,72.836545,41792,,Andheri,active,7201,,
38,"Goregaon - Mulund Link Rd, Sunder Nagar, Goregaon West
Mumbai, Maharashtra 400064, India
",19.17387,72.839099,41694,,Andheri,active,9084,,
39,"MDP Rd, Mindspace, Goregaon West
Mumbai, Maharashtra 400104, India
",19.170648,72.834249,41792,,Andheri,active,8844,,
40,"MDP Rd, Mindspace, Malad West
Mumbai, Maharashtra 400104, India
",19.172553,72.830709,41694,,Andheri,active,1755,,
41,"Creek Rd, Mangroves Forest, Andheri West
Mumbai, Maharashtra 400102, India
",19.153921,72.828288,41807,,Andheri,active,1514,,
42,"Mogara Nallah
",19.149015,72.824039,41653,,Andheri,active,6765,,
43,"Alfa Kids Centre
",19.14115,72.821808,41754,,Andheri,active,1011,,
44,"Swami Vivekanand Rd, Oshiwara, Jogeshwari West
Mumbai, Maharashtra 400102, India
",19.148894,72.843137,41868,,Andheri,active,6236,,
45,"Western Express Hwy, Pratap Nagar, Goregaon
Mumbai, Maharashtra 400060, India
",19.141911,72.854938,41741,,Andheri,active,7684,,
46,"1-M, Western Express Hwy, Cama Industrial Estate, Goregaon
Mumbai, Maharashtra, India
",19.162262,72.858028,41994,,Andheri,active,5689,,
47,"Samarth Shrikant Karmakar Advocate
Dattapada Rd, Rajendra Nagar, Borivali East, Mumbai, Maharashtra 400066, India
",19.221355,72.858629,41983,,Andheri,active,4079,,
48,"6TH FLOOR, Link Rd, Shimpoli, Borivali West
Mumbai, Maharashtra, India
",19.224719,72.840819,41983,,Andheri,active,3208,,
49,"Sudhir Phadke Flyover, Daulat Nagar, Borivali
Mumbai, Maharashtra 400066, India
",19.239022,72.860475,41819,,Andheri,active,5234,,
50,"12, Link Rd, Eksar, Borivali West
Mumbai, Maharashtra, India
",19.24356,72.84524,41914,,Andheri,active,8729,,
51,"Dahisar Flyover, Avdhut Nagar, Dahisar East
Mumbai, Maharashtra 400068, India
",19.258025,72.86232,41843,,Andheri,active,6627,,
52,"Gokul Towers Rd, Dattani Park, Thakur Village, Kandivali East
Mumbai, Maharashtra 400101, India
",19.210333,72.872926,41964,,Andheri,active,5535,,
53,"Mydentist - Kandivali (East) Thakur Village
Mumbai, Maharashtra 400101, India
",19.207537,72.872755,41658,,Andheri,active,6861,,
54,"Kandivali Station (W)
",19.205916,72.850095,41807,,Andheri,active,4103,,
55,"Vodafone Mini Store
Malad East, Mumbai, Maharashtra 400097, India
",19.183754,72.835803,42000,,Andheri,active,5149,,
56,"Goregaon - Mulund Link Rd, Koyna Vasahat, Chinchowali Colony, Malad East
Mumbai, Maharashtra 400063, India
",19.173326,72.851311,41959,,Andheri,active,8182,,
57,"General Arun Kumar Vaidya Marg, Suchi Dham, Dindoshi, Malad East
Mumbai, Maharashtra 400063, India
",19.175717,72.867061,41954,,Andheri,active,7890,,
58,"Infinity IT Park Bus Stop
Plot 5, Nagri Niwara Cooperative Housing Society, Goregaon, Mumbai, Maharashtra 400065, India
",19.176475,72.881108,41937,,Andheri,active,3603,,
59,"10, Aarey Rd, Aarey Colony, Goregaon
Mumbai, Maharashtra, India
",19.1593,72.874085,41688,,Andheri,active,3545,,
60,"Airport Rd, Chimatpada, Marol, Andheri East
Mumbai, Maharashtra 400059, India
",19.10872,72.875872,41737,,Andheri East,active,577,,
61,"Andheri-Ghatkopar Rd, Sathi D Souza Nagar, Asalpha
Mumbai, Maharashtra 400072, India
",19.103124,72.888425,41713,,Andheri East,active,5383,,
62,"M /s Avadh Narayan Brothers
Kherani Rd, Sag Baug, Marol, Andheri East, Mumbai, Maharashtra 400072, India
",19.107037,72.887952,41667,,Andheri East,active,4517,,
63,"Leviathan Systems Pvt. Ltd
India
",19.113059,72.882116,41711,,Andheri East,active,4936,,
64,"Marol, Andheri East
Mumbai, Maharashtra, India
",19.11531,72.883489,41906,,Andheri East,active,4091,,
65,"Mahalaxmi Old Paper Mart
Saki Vihar Rd, Andheri East, Mumbai, Maharashtra 400072, India
",19.117175,72.889347,41987,,Andheri East,active,200,,
66,"Chandivali Farm Rd, Yadav Nagar, Chandivali, Powai
Mumbai, Maharashtra 400072, India
",19.114722,72.894755,41984,,Andheri East,active,9828,,
67,"Durgadevi Sharma Marathi School
Chandivali Farm Rd, Chandivali, Powai, Mumbai, Maharashtra 400072, India
",19.114478,72.898188,41729,,Andheri East,active,266,,
68,"A-107, Turbhe Rd, Chandivali, Powai
Mumbai, Maharashtra 400072, India
",19.111985,72.900977,41976,,Andheri East,active,935,,
69,"Shaki Vihar Complex Rd, Ansa Industrial Estate, Chandivali, Andheri East
Mumbai, Maharashtra 400072, India
",19.108173,72.889798,42002,,Andheri East,active,6443,,
70,"A-107, Turbhe Rd, Chandivali, Powai
Mumbai, Maharashtra 400072, India
",19.109612,72.901449,41824,,Andheri East,active,5419,,
72,"mumbai magic
Shreyas Cinema Rd, Adoni Compound, Mumbai, Maharashtra 400086, India
",19.094483,72.913359,41989,,Andheri East,active,1872,,
73,"Noor Mohammad Compound
Lal Bahadur Shastri Marg, Amrut Nagar, Ghatkopar West, Mumbai, Maharashtra 400086, India
",19.10008,72.918058,41917,,Andheri East,active,9072,,
74,"Nizam's Restro
Vikhroli West, Mumbai, Maharashtra 400079, India
",19.105818,72.916986,41727,,Andheri East,active,8865,,
75,"Hiranadani Link Rd, HMPL Surya Nagar, Vikhroli West
Mumbai, Maharashtra 400079, India
",19.111061,72.917826,41939,,Andheri East,active,5122,,
76,"WING-C, Jogeshwari Vikhroli Link Rd, Ramabai Ambedkar Nagar, Vikhroli West
Mumbai, Maharashtra, India
",19.125674,72.922357,41906,,Andheri East,active,193,,
77,"C-3, Jogeshwari Vikhroli Link Rd, IIT Area, Powai
Mumbai, Maharashtra, India
",19.126505,72.917958,41968,,Andheri East,active,5168,,
78,"B-19, Jogeshwari Vikhroli Link Rd, IIT Area, Powai
Mumbai, Maharashtra, India
",19.124356,72.914203,41935,,Andheri East,active,2126,,
79,"B-19, Jogeshwari Vikhroli Link Rd, IIT Area, Powai
Mumbai, Maharashtra, India
",19.124356,72.914203,41995,,Andheri East,active,5711,,
80,"SP Properties
Powai, Mumbai, Maharashtra 400076, India
",19.118706,72.905122,41790,,Andheri East,active,6066,,
81,"25, Lal Bahadur Shastri Marg, Kanjurmarg West, Bhandup West
Mumbai, Maharashtra, India
",19.138055,72.930412,41649,,Andheri East,active,2338,,
82,"Bhattipada Cross Rd, Nirmal Nagar, Bhandup West
Mumbai, Maharashtra 400078, India
",19.149049,72.937086,41835,,Andheri East,active,9136,,
83,"Mulund - Airoli Rd, Mulund East
Mumbai, Maharashtra 400081, India
",19.15446,72.960076,41658,,Andheri East,active,2335,,
84,"Jay Ambe
C-6, Kailash Esplanade, Opposite Shreyash Cinema, Lal Bahadur Shastri Road, Ghatkopar (W), Lal Bahadur Shastri Marg, Vikhroli West, Mumbai, Maharashtra 400086, India
",19.103081,72.920265,41949,,Andheri East,active,7884,,
85,"Lal Bahadur Shastri Marg, Ghatkopar West
Mumbai, Maharashtra 400086, India
",19.087508,72.902755,41693,,Andheri East,active,4271,,
86,"Jain Electronics
Lal Bahadur Shastri Marg, Bail Bajar, Sakinaka, Mumbai, Maharashtra 400070, India
",19.082804,72.882199,41893,,Andheri East,active,9559,,
87,"Air India Rd, Kismat Nagar, Kurla
Mumbai, Maharashtra 400070, India
",19.077937,72.878551,41682,,Bandra,active,6934,,
88,"vinay bhavya complex
Chatrapati Shivaji Terminus Rd, India
",19.074408,72.870998,41971,,Bandra,active,198,,
89,"BKC Rd, University of Mumbai,Vidya Nagari, Bharam Nagar, Bandra East
Mumbai, Maharashtra 400098, India
",19.066012,72.863273,41680,,Bandra,active,4459,,
90,"BKC Rd, St Dnyaneshwar Nagar, Bandra East
Mumbai, Maharashtra 400051, India
",19.059725,72.855076,41658,,Bandra,active,5743,,
91,"Hans Bhugra Marg, Yashwant Nagar, Vakola, Santacruz East
Mumbai, Maharashtra 400098, India
",19.074489,72.860269,41790,,,,9707,,
92,"Singh Gas Suppliers
India
",19.074378,72.870915,41641,,,,4812,,
93,"Frontmen Computers
Mumbai, Maharashtra 400064, India
",19.075169,72.837656,41668,,,,5513,,
94,"3, Western Express Hwy, Chakala, Andheri East
Mumbai, Maharashtra, India
",19.110094,72.853972,41845,,,,3181,,
95,"Juhu Ln, Gulmohar Rd, MHADA Colony, Juhu
Mumbai, Maharashtra 400058, India
",19.112689,72.837245,41682,,,,277,,
96,"N South Road Number 13, Sainath Nagar, MHADA Colony, Juhu
Mumbai, Maharashtra 400049, India
",19.111939,72.828748,41849,,,,2461,,
97,"2, Gulmohar Rd, Gulmohar Colony, Juhu
Mumbai, Maharashtra 400058, India
",19.116086,72.831269,41833,,,,4490,,
98,"CD Barfiwala Rd, Mahavi Darshan, Dhangar wadi, Andheri West
Mumbai, Maharashtra 400058, India
",19.116045,72.835925,41921,,,,6807,,
99,"Gas Products Of India
Mumbai, Maharashtra 400049, India
",19.115771,72.825679,41975,,,,1342,,
100,"NO39
Bhola Nagar, Kalwa, Thane, Maharashtra, India
",19.184177,72.996259,41907,,,,4259,,
101,"Sector 7, Airoli
Navi Mumbai, Maharashtra, India
",19.145384,72.998262,41799,,,,6054,,
102,"R-272, Rabale Midc Rd, MIDC
Navi Mumbai, Maharashtra, India
",19.144599,73.005992,41998,,,,8502,,
103,"209, Rabale Midc Rd, MIDC INDL Area, Rabale
Navi Mumbai, Maharashtra 400701, India
",19.14582,73.003892,41873,,,,7994,,
104,"1, Rama Gosavi Marg, Sector 7, Airoli
Navi Mumbai, Maharashtra, India
",19.14641,72.99598,41669,,,,993,,
105,"Meenatai Vijay Chogule Sabhagruh Marg, Airoli Naka, Airoli
Navi Mumbai, Maharashtra 400708, India
",19.165765,73.001209,41843,,,,526,,
106,"Sanpada
Navi Mumbai, Maharashtra, India
",19.069499,73.033172,41958,,,,3941,,
107,"YP Rd, IIT Area, Powai
Mumbai, Maharashtra 400076, India
",19.133219,72.918132,41682,,,,6085,,
108,"c105/2, Pawane Village Rd, T.T.C. Industrial Area, Pawne
Navi Mumbai, Maharashtra 400710, India
",19.089454,73.02895,41709,,,,5137,,
109,"172-A/B, Bhakti Marg, Kannamwar Nagar II, Vikhroli East
Mumbai, Maharashtra 400083, India
",19.116298,72.940338,41868,,,,420,,
110,"807
Rabale, Navi Mumbai, Maharashtra, India
",19.146104,73.005561,41772,,,,1210,,
111,"Unnamed Rd, Bhola Nagar, Dighe
Navi Mumbai, Maharashtra 400605, India
",19.184446,73.001141,41673,,,,672,,
112,"Station Rd, Lokamanya Nagar, Gandhi Nagar, Vikhroli West
Mumbai, Maharashtra 400083, India
",19.111132,72.927118,41916,,,,1132,,
113,"341, MIDC Area Rd, MIDC
Navi Mumbai, Maharashtra, India
",19.139001,73.009138,41700,,,,4522,,
114,"Kashaba Jadhav Marg, Dadar East
Mumbai, Maharashtra 400014, India
",19.006936,72.842489,41714,,,,5428,,
115,"180
Sector 26, Vashi, Navi Mumbai, Maharashtra, India
",19.088403,73.012945,41926,,,,4577,,
116,"61
Navy Nagar, Colaba, Mumbai, Maharashtra, India
",18.904587,72.810205,41682,,,,970,,
117,"123, Dinshaw Vacha Rd, Churchgate
Mumbai, Maharashtra, India
",18.930132,72.826599,41958,,,,3363,,
118,"Road Number 6, Govandi Slums, Shivaji Nagar
Mumbai, Maharashtra 400043, India
",19.067021,72.925517,41855,,,,9880,,
119,"Sir Phirozshah Mehta Rd, Kala Ghoda, Fort
Mumbai, Maharashtra 400001, India
",18.933931,72.834803,41744,,,,9580,,
120,"89-4
MIDC, Navi Mumbai, Maharashtra, India
",19.076836,73.03156,41668,,,,7863,,
121,"MbPT
Mumbai, Maharashtra 400001, India
",18.935348,72.83816,41705,,,,8818,,
122,"Supreme Tours and Travels
Road Number 4, Govandi Slums, Shivaji Nagar, Mumbai, Maharashtra 400043, India

",19.065084,72.923372,41782,,,,324,,
123,"Bharat Petroleum Refinery, Mahul, Trombay
Mumbai, Maharashtra, India
",19.018884,72.896459,41873,,,,1981,,
124,"20th Rd, Chembur Gaothan, Chembur
Mumbai, Maharashtra 400071, India
",19.059507,72.899135,41836,,,,7472,,
125,"913, Civic Centre Rd, Anushakti Nagar
Mumbai, Maharashtra, India
",19.035693,72.927517,41787,,,,250,,
126,"Bhandarli Rd, Dahisar, Mumbra
Navi Mumbai, Maharashtra 421204, India
",19.127813,73.056486,41824,,,,920,,
127,"Malang Rushi Rd, Ekta Nagar, Mandala, Mankhurd
Mumbai, Maharashtra 400043, India
",19.054367,72.936695,41644,,,,9543,,
128,"Indira Nagar, Kamala Nagar, Shivaji Nagar
Mumbai, Maharashtra, India

",19.063459,72.93052,41737,,,,2576,,
129,"L Melville Marg, Nagpada, Madanpura
Mumbai, Maharashtra 400008, India
",18.972883,72.826962,41808,,,,6415,,
130,"Road Number 10, Govandi Slums, Shivaji Nagar
Mumbai, Maharashtra 400043, India
",19.065828,72.927734,41797,,,,2954,,
131,"F-4
Old Navy Nagar, Colaba, Mumbai, Maharashtra, India
",18.907087,72.8082,41963,,,,5318,,
132,"22, Road Number 3, Phase 1, Shivaji Nagar
Mumbai, Maharashtra, India
",19.063711,72.921403,42000,,,,5856,,
133,"45-B, Shankar Rao Naram Path, Lower Parel
Mumbai, Maharashtra, India
",19.000991,72.825525,41874,,,,3305,,
134,"Fedora Impex Co
A Merchant Rd, Anant Wadi, Kalbadevi, Mumbai, Maharashtra 400002, India
",18.951586,72.827677,41831,,,,1558,,
135,"ICICI Bank ATM
Sector 29, Belapur, Navi Mumbai, 400614, India
",19.021085,73.039529,41717,,,,2462,,
136,"Mutton St, Kumbharwada
Mumbai, Maharashtra 400003, India
",18.959295,72.829885,41767,,,,5165,,
137,"Cross Road Number 18, Mahape
Navi Mumbai, Maharashtra 400701, India
",19.115339,73.022688,41982,,,,9925,,
138,"1/594, Bhulabhai Desai Marg, Breach Candy, Cumballa Hill
Mumbai, Maharashtra, India
",18.965992,72.804133,41767,,,,9331,,
139,"Sector 40, Seawoods
Navi Mumbai, Maharashtra, India
",19.021719,73.01559,41882,,,,4368,,
140,"36/A, Neapean Sea Rd, Simla Nagar, Malabar Hill
Mumbai, Maharashtra, India
",18.958786,72.803218,41868,,,,9398,,
141,"23, PL Lokhande Marg, ACC Nagar, Chedda Nagar
Mumbai, Maharashtra 400043, India
",19.060847,72.916541,41864,,,,809,,
142,"40/I, Bhagwantrao Paralkar Rd, Parel
Mumbai, Maharashtra 400012, India
",19.000364,72.844797,41869,,,,7672,,
143,"Mavli Mandal Marg, Dhobi Ali, Charai, Thane West
Thane, Maharashtra 400601, India
",19.19886,72.975107,41695,,,,1077,,
144,"Jail Rd, Kharkar Alley, Thane West
Thane, Maharashtra 400601, India
",19.197599,72.98222,41703,,,,2175,,
145,"Swa Datta Mohite Margh, Mhada, Vasant Vihar, Thane West
Thane, Maharashtra 400610, India
",19.225751,72.967947,41804,,,,3534,,
146,"P-82, Lal Dutta Marg, BS Ambedkar Nagar, Anushakti Nagar
Mumbai, Maharashtra, India
",19.039336,72.911155,41804,,,,3480,,
147,"105-118, Waman Wadi Rd, Sindhi Society, Chembur
Mumbai, Maharashtra 400071, India
",19.050268,72.887955,41888,,,,9106,,
148,"Unnamed Rd, Sonar Pada, Dombivli East
Dombivli, Maharashtra 421203, India
",19.18674,73.10308,41867,,,,3956,,
149,"Assisi Nagar
PL Lokhande Marg, Mumbai, Maharashtra, India
",19.061747,72.912288,41936,,,,7110,,
150,"38, Manori - Gorai Rd, Gorai
Mumbai, Maharashtra 400092, India
",19.22815,72.781123,41853,,,,3172,,
151,"Uttan Rd, 
Koliwada, Gorai Mumbai, Maharashtra 401106, India    
",19.2508,72.788095,41918,,,,2366,,
152,"Uttan Rd, Dongri, Uttan
Mira Bhayandar, Maharashtra 401106, India
",19.277769,72.797071,41811,,,,8112,,
153,"Uttan
Mira Bhayandar, Maharashtra, India
",19.278579,72.790827,41706,,,,1597,,
154,"Unnamed Rd, Dongri, Uttan
Mira Bhayandar, Maharashtra 401106, India
",19.283116,72.79396,41759,,,,8341,,
155,"Dongri, Uttan
Mira Bhayandar, Maharashtra, India
",19.284104,72.796179,41654,,,,3784,,
156,"Alibaug Rd, Dongri, Uttan
Mira Bhayandar, Maharashtra 401106, India
",19.277987,72.781459,41875,,,,7328,,
157,"22, Uttan Pali Rd, Dongri, Uttan
Mira Bhayandar, Maharashtra, India
",19.295304,72.785193,41995,,,,7217,,
158,"22, Uttan Pali Rd, Dongri, Uttan
Mira Bhayandar, Maharashtra, India
",19.292919,72.78542,41728,,,,3834,,
159,"Tarodi Rd, Dongri, Uttan
Mira Bhayandar, Maharashtra 401106, India
",19.296868,72.799389,41906,,,,650,,
160,"28, Uttan Rd, Uttan
Mira Bhayandar, Maharashtra, India
",19.292175,72.814653,41972,,,,6211,,
161,"22, Uttan Pali Rd, Dongri, Uttan
Mira Bhayandar, Maharashtra, India
",19.295628,72.785065,41701,,,,8922,,
162,"WING-D, Uttan Rd, Chandulal Park, Bhayandar West
Mira Bhayandar, Maharashtra, India
",19.299139,72.836172,41782,,,,3087,,
163,"1-B, Uttan Rd, Burhani Nagar, Bhayandar West
Mira Bhayandar, Maharashtra, India
",19.295281,72.841837,41741,,,,5641,,
164,"Dhanlaxmi Book & Novelty
3, Uttan Rd, Chandulal Park, Bhayandar West, Thane, Maharashtra 401101, India
",19.29995,72.844061,41825,,,,1800,,
165,"Uttan Rd, Mohammed Colony, Bhayandar West
Mira Bhayandar, Maharashtra 401101, India
",19.294522,72.845134,41996,,,,9346,,
166,"2003, Uttan Rd, Uttan
Mira Bhayandar, Maharashtra 401101, India
",19.297623,72.822662,41735,,,,3643,,
167,"WING-B, Dr Keshav Baliram Hedgewar Rd, Burhani Nagar, Bhayandar West
Mira Bhayandar, Maharashtra, India
",19.300446,72.846797,41914,,,,8045,,
168,"
Fatak Rd, Chandmal Nagar, Bhayandar West
Mira Bhayandar, Maharashtra 401101, India
",19.299504,72.84978,41879,,,,6927,,
169,"Dr Keshav Baliram Hedgewar Rd, Chandmal Nagar, Bhayandar West
Mira Bhayandar, Maharashtra 401101, India
",19.299778,72.848846,41739,,,,8996,,
170,"Ram Mandir Rd, Sripal Nagar, Bhayandar West
Mira Bhayandar, Maharashtra 401101, India
",19.30076,72.848567,41838,,,,3461,,
171,"Shramjivi Kamgar
Station Rd, Chandulal Park, Bhayandar West, Mira Bhayandar, Maharashtra 401101, India
",19.301347,72.847967,41706,,,,3165,,
172,"WING-B, Uttan Rd, Chandulal Park, Bhayandar West
Mira Bhayandar, Maharashtra, India
",19.300355,72.845252,41773,,,,182,,
173,"J. P. Thakur Rd, Chandmal Nagar, Bhayandar West
Mira Bhayandar, Maharashtra 401101, India
",19.299889,72.847945,41737,,,,2060,,
174,"
Ram Mandir Rd, Sripal Nagar, Bhayandar West
Mira Bhayandar, Maharashtra 401101, India
",19.300707,72.848581,41687,,,,8147,,
175,"Dr Keshav Baliram Hedgewar Rd, Chandmal Nagar, Bhayandar West
Mira Bhayandar, Maharashtra 401101, India
",19.299755,72.848822,41906,,,,8348,,
176,"Sheetal Dugdhalay
60 Feet Rd, Sripal Nagar, Bhayandar West, Mira Bhayandar, Maharashtra 401101, India
",19.305147,72.852022,41747,,,,3235,,
177,"Bakol St, Sripal Nagar, Bhayandar West
Mira Bhayandar, Maharashtra 401101, India
",19.30151,72.850412,41989,,,,1913,,
178,"Hasmukh Estate Agency
Thane, Maharashtra 401101, India
",19.301844,72.8523,41641,,,,1970,,
179,"A-3, Dr Keshav Baliram Hedgewar Rd, Shanti Nagar, Bhayandar West
Mira Bhayandar, Maharashtra, India
",19.299394,72.852987,41788,,,,7886,,
180,"Bhayandar Flyover, Venkatesh Park, Bhayandar West
Mira Bhayandar, Maharashtra 401105, India
",19.295262,72.853749,41794,,,,5338,,
181,"Golden Nest Cir, Geeta Nagar, Mira Road East
Mira Bhayandar, Maharashtra 401105, India
",19.295495,72.858426,41842,,,,7808,,
182,"WING-C, Mira Bhayandar Rd, Qamar Park, Bhayandar East
Mira Bhayandar, Maharashtra, India
",19.297455,72.856377,41902,,,,9675,,
183,"PERFECT FABRICATORS
Bhayandar East, Maharashtra 401105, India
",19.301014,72.856973,41924,,,,6333,,
184,"Mataji Novelty
Cabin Rd, Kharegaon, Bhayandar East, Mira Bhayandar, Maharashtra 401105, India
",19.30556,72.85428,41743,,,,694,,
185,"Snow White Tours & Travels
Panju Ferry Terminal Rd, Rose Nagar, Naigaon West, Vasai, Maharashtra 401207, India
",19.308072,72.853142,41838,,,,5010,,
186,"Rajshree
Station Rd, Chandan nagar, Bhayandar East, Mira Bhayandar, Maharashtra 401105, India
",19.310421,72.853207,41938,,,,1320,,
187,"CA Ajay Jose
Jesal Park, Bhayandar East, Mira Bhayandar, Maharashtra 401105, India
",19.314552,72.853765,41891,,,,2885,,
188,"WING-B, Jessal Park Rd, Jesal Park, Bhayandar East
Mira Bhayandar, Maharashtra, India
",19.315443,72.856468,41698,,,,2807,,
189,"Kaustubh Poly Clinic And Health Care Center
Jesal Park Rd, Bandarwadi, Bhayandar East, Mira Bhayandar, Maharashtra 401105, India
",19.314612,72.858421,41872,,,,3095,,
190,"Rajsri - Om Sawali Online
B Patil Rd, Lazarus Park, Bhayandar East, Mira Bhayandar, Maharashtra 401105, India
",19.303981,72.860288,41871,,,,836,,
191,"Prabhakar Dattu Mhatre Marg, Indira Nagar, Bhayandar East
Mira Bhayandar, Maharashtra 401105, India
",19.300619,72.863013,41697,,,,3598,,
192,"B-16, Deepak Hospital Rd, Panchamratna Park, Mira Road East
Mira Bhayandar, Maharashtra 401105, India
",19.299991,72.867734,41786,,,,1713,,
193,"8-A, Beverly Park Rd, Beverly Park, Mira Road East
Mira Bhayandar, Maharashtra, India
",19.292923,72.872261,41835,,,,467,,
194,"Welcome General Stores
Mumbai, Maharashtra 400070, India
",19.280103,72.877025,41767,,,,8008,,
195,"Srishti Rd, Mira Road East
Mira Bhayandar, Maharashtra 401107, India
",19.27508,72.870158,41911,,,,9796,,
196,"Mira Bhayandar Rd, Kashimira, Mira Road East
Mira Bhayandar, Maharashtra 401107, India
",19.272771,72.882604,41911,,,,6729,,
197,"Hari Om CHS
Siddhi Vinayak Nagar, Mira Road East, Mira Bhayandar, Maharashtra 400068, India
",19.269206,72.874879,41860,,,,3300,,
198,"Jari Mari Mandir Rd, Laxmi Baug, Kashigaon, Mira Road East
Mira Bhayandar, Maharashtra 401107, India
",19.273014,72.885608,41970,,,,6535,,
199,"Srishti Rd, Srishti Complex, Mira Road East
Mira Bhayandar, Maharashtra 401107, India
",19.275058,72.869946,41770,,,,8779,,
200,"Little Champ Pre-School
Vijay Park, Mira Road East, Mira Bhayandar, Maharashtra 401107, India
",19.277377,72.873058,41908,,,,7896,,
201,"Miragaon Rd, Gaurav Galaxy, Mira Road East
Mira Bhayandar, Maharashtra 401107, India
",19.273103,72.87619,41733,,,,4842,,
202,"5, Bhaktivedanta Swami Marg, MIDC, Mira Road East
Mira Bhayandar, Maharashtra, India
",19.268769,72.875783,41859,,,,3275,,
203,"Penkarpada Rd, Pandurang Wadi, Mira Road East
Mira Bhayandar, Maharashtra 400068, India
",19.264637,72.870976,41877,,,,6657,,
204,"Balaram Gawand Marg, Penkarpada, Mira Road East
Mira Bhayandar, Maharashtra 400068, India
",19.262084,72.87192,41664,,,,9631,,
205,"Branded Monk Technologies
Western Express Hwy, Mira Road East, Mumbai, Maharashtra 401104, India
",19.267391,72.876126,41747,,,,4238,,
206,"Hermitage Housing Society Rd, MIDC, Mira Road East
Mira Bhayandar, Maharashtra 400068, India
",19.266824,72.87913,41828,,,,4565,,
207,"WholesaleDock.com
Mira Road East, Maharashtra 401107, India
",19.273022,72.880375,41878,,,,1351,,
208,"Al-Masharik Auto Parts
Mira Bhayandar Rd, Kashimira, Mira Road East, Mira Bhayandar, Maharashtra 401107, India
",19.275291,72.881791,41877,,,,3348,,
209,"Kashigaon Rd, Shivneri Nagar, Mira Road East
Mira Bhayandar, Maharashtra 401107, India
",19.270916,72.88604,41676,,,,2206,,
210,"jari mari mandir Rd, Kashigaon, Mira Road East
Mira Bhayandar, Maharashtra 401107, India
",19.269336,72.887198,41799,,,,9151,,
211,"Mandvi Pada, Kashigaon, Mira Road East
Mira Bhayandar, Maharashtra, India
",19.266925,72.88958,41829,,,,5209,,
212,"Madina Clinic
Kashigaon, Mira Road East, Mira Bhayandar, Maharashtra 401107, India
",19.273448,72.890095,41981,,,,578,,
213,"Durga Residency
Indralok Phase 3, Mira Bhayandar, Maharashtra, India
",19.301114,72.868809,41859,,,,9092,,
214,"Station Rd, Bharti Nagar, Mira Road East
Mira Bhayandar, Maharashtra 401107, India
",19.284,72.865698,41835,,,,9231,,
215,"River Shive
",19.273367,72.89267,41661,,,,3460,,
216,"24
Mashachapada, Mira Road East, Mira Bhayandar, Maharashtra, India
",19.273265,72.893121,41749,,,,5596,,
217,"Mandvi Pada, Kashigaon, Mira Road East
Mira Bhayandar, Maharashtra, India
",19.268262,72.888507,41779,,,,7730,,
218,"Marathi Shala Rd, Chimaji Nagar, Penkarpada, Mira Road East
Mira Bhayandar, Maharashtra 400068, India
",19.265771,72.86868,41697,,,,827,,
219,"Jogger's Park Rd, Poonam Sagar Complex, Mira Road East
Mira Bhayandar, Maharashtra 401107, India
",19.273711,72.859207,41694,,,,9866,,
220,"B-2, Swaminarayan Rd, Sector 3, Mira Road East
Mira Bhayandar, Maharashtra, India
",19.277585,72.861503,41871,,,,6964,,
221,"complete dental clinic
Ghodbunder Rd, Thane West, Thane, Maharashtra 400615, India
",19.269208,72.964722,41838,,,,6241,,
222,"Thane Bhiwandi Rd, Kasarvadavali, Thane West
Thane, Maharashtra 400615, India
",19.271395,72.96749,41699,,,,2675,,
223,"Thane Bhiwandi Rd, Kasarvadavali, Thane West
Thane, Maharashtra 400615, India
",19.270646,72.969357,41995,,,,8598,,
224,"Ram Mandir Rd, Vijay Park, Kasarvadavali, Thane West
Thane, Maharashtra 400615, India
",19.269562,72.968659,41889,,,,7322,,
225,"Ram Mandir Rd, Vijay Park, Kasarvadavali, Thane West
Thane, Maharashtra 400615, India
",19.268316,72.968209,41843,,,,1482,,
226,"Thane Bhiwandi Rd, Kasarvadavali, Thane West
Thane, Maharashtra 400615, India
",19.27094,72.96838,41848,,,,9333,,
227,"Koliwada, Thane West
Thane, Maharashtra, India
",19.272155,72.969528,42003,,,,7992,,
228,"Kasarvadavali, Thane West
Thane, Maharashtra, India
",19.270251,72.971417,41839,,,,5988,,
229,"Vijay Vilas Rd, Vijay Park, Kasarvadavali, Thane West
Thane, Maharashtra 400615, India
",19.265055,72.970172,41649,,,,4365,,
230,"Vijay Vilas Rd, Vijay Park, Kavesar, Thane West
Thane, Maharashtra 400615, India
",19.265146,72.971105,41997,,,,9932,,
231,"Ghodbunder Rd, Kavesar, Thane West
Thane, Maharashtra 400615, India
",19.262138,72.968756,41812,,,,6391,,
232,"31-32, Wagbil Rd, Vijay Nagari, Thane West
Thane, Maharashtra 400607, India
",19.258786,72.975536,41922,,,,8347,,
233,"Ghodbunder Rd, Anand Nagar, Thane West
Thane, Maharashtra 400615, India
",19.267415,72.966395,41887,,,,9349,,
234,"Swastik Residency Rd, Kavesar, Thane West
Thane, Maharashtra 400615, India
",19.261764,72.971073,41821,,,,8170,,
235,"Vijay Vilas Rd, Vijay Park, Kavesar, Thane West
Thane, Maharashtra 400615, India
",19.265167,72.974764,41887,,,,4184,,
236,"4, Vijay Garden Rd, Kavesar, Thane West
Thane, Maharashtra 400615, India
",19.263075,72.974528,41976,,,,2648,,
237,"Vijay Garden Rd, Kavesar, Thane West
Thane, Maharashtra 400615, India
",19.260743,72.971485,41933,,,,1990,,
238,"Shri Ganesh Flour Mill
Wagbil Rd, Kavesar, Thane West, Thane, Maharashtra 400607, India
",19.257634,72.97369,41962,,,,9187,,
239,"Wagbil Rd, Anu Nagar, Vijay Nagari, Thane West
Thane, Maharashtra 400607, India
",19.25734,72.976275,41975,,,,9079,,
240,"Wood St, Hiranandani Estate, Thane West
Thane, Maharashtra 400607, India
",19.255882,72.980728,41886,,,,5548,,
241,"Hiranandani Cir, Hiranandani Estate, Thane West
Thane, Maharashtra 400607, India
",19.254555,72.982326,41731,,,,1689,,
242,"H D koparkar Rd, Hiranandani Estate, Thane West
Thane, Maharashtra 400607, India
",19.252428,72.980642,41669,,,,3229,,
243,"Regency St, Hiranandani Estate, Thane West
Thane, Maharashtra 400607, India
",19.249895,72.980942,41783,,,,6770,,
244,"Brahmand Patlipada Link Rd, Brahmand, Thane West
Thane, Maharashtra 400607, India
",19.246279,72.981672,41676,,,,7079,,
245,"B4, Bramhand Rd, Brahmand, Thane West
Thane, Maharashtra, India
",19.243737,72.982895,41980,,,,135,,
246,"Tikuji Ni Wadi Rd, Manpada, Thane West
Thane, Maharashtra 400607, India
",19.2362,72.975771,41876,,,,6608,,
247,"mt Gladys Alvares Rd, Kokanipada, Thane West
Thane, Maharashtra 400610, India
",19.229312,72.969763,41671,,,,5127,,
248,"Saket Rd, Devram Nagar, Balkum Pada, Majiwada
Thane, Maharashtra 400608, India
",19.219992,72.990019,41958,,,,5198,,
249,"Saket Rd, Laxmi Nagar, Balkum Pada, Majiwada
Thane, Maharashtra 400608, India
",19.216142,72.991521,41951,,,,5503,,
250,"Pokharan Road Number 2, Subhash Nagar, Thane West
Thane, Maharashtra 400606, India
",19.214238,72.976973,41991,,,,8777,,
251,"Saket Rd, Laxmi Nagar, Balkum Pada, Majiwada
Thane, Maharashtra 400608, India
",19.21671,72.990791,41939,,,,5111,,
252,"139, Deonar Rd, Patilwadi, Govandi East
Mumbai, Maharashtra, India

",19.053742,72.923463,41693,,,,9947,,
253,"74-B
Chembur, Mumbai, Maharashtra, India
",19.042074,72.891736,41868,,,,6189,,
254,"C-11 G BLOCK
Bandra Kurla Complex, Bandra East, Mumbai, Maharashtra, India
",19.060947,72.862483,41786,,,,3076,,
255,"N-3
Bharam Nagar, Bandra East, Mumbai, Maharashtra, India
",19.062434,72.856758,41924,,,,7181,,
256,"B-276, Samaj Mandir Hall Rd, Government Colony, Bandra East
Mumbai, Maharashtra, India
",19.062214,72.85268,41713,,,,2362,,
257,"2, Amrut Nagar-Sainath Rd, Indira Nagar, Ghatkopar West
Mumbai, Maharashtra 400086, India
",19.099551,72.910569,41918,,,,7777,,
258,"
A-107, Turbhe Rd, Chandivali, Powai
Mumbai, Maharashtra 400072, India
",19.106311,72.89991,41810,,,,1381,,
259,"Orchard Ave, Panchkutir Ganesh Nagar, Powai
Mumbai, Maharashtra 400076, India
",19.12201,72.91016,41704,,,,9125,,
260,"B-2
BSNL Colony, Powai, Mumbai, Maharashtra, India
",19.123994,72.917019,41896,,,,39,,
261,"61
Kanjurmarg West, Bhandup West, Mumbai, Maharashtra, India
",19.12632,72.924188,41825,,,,4823,,
262,"A-42, Police Station Rd, Kanjurmarg East
Mumbai, Maharashtra, India
",19.129031,72.934982,41788,,,,5262,,
263,"Gopal Krishna Gokhale Rd, Hanuman Chowk, Mulund East
Mumbai, Maharashtra 400081, India
",19.169408,72.958492,41686,,,,8960,,
264,"502, Mahatma Gandhi Rd, Vidya Vihar, Mulund West
Mumbai, Maharashtra, India
",19.172845,72.955709,41992,,,,4689,,
265,"11, Bhakti Marg, Jagjivan Ram Nagar, Mulund West
Mumbai, Maharashtra, India
",19.179256,72.949584,41808,,,,5286,,
266,"Swami Vivekananda Rd, Shivaji Nagar, Thane West
Thane, Maharashtra 400602, India
",19.185762,72.966181,41681,,,,4323,,
267,"Balkum Rd, Raheja Complex, Majiwada
Thane, Maharashtra 400608, India
",19.222282,72.993196,41838,,,,3096,,
268,"102 /A 6, Highland Gardens Rd, Thane West
Thane, Maharashtra 400608, India
",19.223714,72.983552,41851,,,,5792,,
269,"Kiran Mill Colony, Kolshet Rd, Thane West
Thane, Maharashtra, India
",19.241233,72.991186,41901,,,,192,,
270,"Daighar Gaon
Thane, Maharashtra, India
",19.137248,73.05343,41995,,,,325,,
271,"Shilphata
Navi Mumbai, Maharashtra, India
",19.150073,73.03999,41708,,,,2279,,
272,"C-46
MIDC, Pawne, Navi Mumbai, Maharashtra 400705, India
",19.084029,73.025379,41885,,,,9975,,
273,"C 167, Pawane Midc Road Number 7, T.T.C. Industrial Area, Pawne
Navi Mumbai, Maharashtra 400703, India
",19.090413,73.030983,41994,,,,2496,,
274,"T-223, Ramdas Swamy Marg, Sector 4, Airoli
Navi Mumbai, Maharashtra, India
",19.151322,72.996615,41767,,,,3799,,
275,"C-19
Sector 4, Airoli, Navi Mumbai, Maharashtra, India
",19.153444,72.998371,41737,,,,5378,,
276,"7, Gholai Nagar Rd, Mafatlal Colony, Kalwa
Thane, Maharashtra, India
",19.202097,73.005536,41665,,,,8542,,
277,"Anjurdive
Bhiwandi, Maharashtra, India
",19.229751,73.032769,41988,,,,2479,,
278,"BA-38
MIDC, Navi Mumbai, Maharashtra, India
",19.108133,73.029097,41924,,,,420,,
280,"Sector 21, Nerul
Navi Mumbai, Maharashtra, India
",19.032378,73.020607,41919,,,,238,,
281,"Kendriya Vihar Rd, Sector 7, Kharghar
Navi Mumbai, Maharashtra 410210, India
",19.036602,73.06493,41846,,,,33,,
282,"Sector 12, Kharghar
Navi Mumbai, Maharashtra, India
",19.04039,73.066985,41864,,,,1010,,
283,"KPC High School Rd, Kesar Symphony, Sector-19, Kharghar
Navi Mumbai, Maharashtra 410210, India
",19.046866,73.077477,41841,,,,518,,
284,"Umadeep Cooperative Housing Society
Kharghar, Navi Mumbai, Maharashtra 410210, India
",19.068372,73.07137,41929,,,,6595,,
285,"Unnamed Rd, Sector 37, Rohinjan
Navi Mumbai, Maharashtra 410210, India
",19.082215,73.079944,41903,,,,891,,
286,"3, Bajaj Rd, Kamala Nagar
Mumbai, Maharashtra 400056, India
",19.101397,72.842513,41906,,,,4918,,
,,,,41893,,,,,,
,,,,,,,,,,
,,,,,,,,,,
,,,,,,,,,,
,,,,,,,,,,
,,,,,,,,,,
,,,,,,,,,,
,,,,,,,,,,
,,,,,,,,,,
,,,,,,,,,,
,,,,,,,,,,
,,,,,,,,,,
,,,,,,,,,,
,,,,,,,,,,
,,,,,,,,,,
,,,,,,,,,,
,,,,,,,,,,
,,,,,,,,,,
,,,,,,,,,,
,,,,,,,,,,
,,,,,,,,,,
,,,,,,,,,,
,,,,,,,,,,
,,,,,,,,,,
,,,,,,,,,,
,,,,,,,,,,
,,,,,,,,,,
,,,,,,,,,,
,,,,,,,,,,
,,,,,,,,,,
,,,,,,,,,,
,,,,,,,,,,
,,,,,,,,,,
,,,,,,,,,,
,,,,,,,,,,
,,,,,,,,,,
,,,,,,,,,,
,,,,,,,,,,
,,,,,,,,,,
,,,,,,,,,,
,,,,,,,,,,
,,,,,,,,,,
,,,,,,,,,,
,,,,,,,,,,
,,,,,,,,,,
,,,,,,,,,,
,,,,,,,,,,
,,,,,,,,,,
,,,,,,,,,,
,,,,,,,,,,
,,,,,,,,,,
,,,,,,,,,,
,,,,,,,,,,
,,,,,,,,,,
,,,,,,,,,,
,,,,,,,,,,
,,,,,,,,,,
,,,,,,,,,,
,,,,,,,,,,
,,,,,,,,,,
,,,,,,,,,,
,,,,,,,,,,
,,,,,,,,,,
,,,,,,,,,,
,,,,,,,,,,
,,,,,,,,,,
,,,,,,,,,,
,,,,,,,,,,
,,,,,,,,,,
,,,,,,,,,,
,,,,,,,,,,
,,,,,,,,,,
,,,,,,,,,,
,,,,,,,,,,
,,,,,,,,,,
,,,,,,,,,,
,,,,,,,,,,
,,,,,,,,,,
,,,,,,,,,,
,,,,,,,,,,
,,,,,,,,,,
,,,,,,,,,,
,,,,,,,,,,
,,,,,,,,,,
,,,,,,,,,,
,,,,,,,,,,
,,,,,,,,,,
,,,,,,,,,,
,,,,,,,,,,
,,,,,,,,,,
,,,,,,,,,,
,,,,,,,,,,
,,,,,,,,,,
,,,,,,,,,,
,,,,,,,,,,
,,,,,,,,,,
,,,,,,,,,,
,,,,,,,,,,
,,,,,,,,,,
,,,,,,,,,,
,,,,,,,,,,
,,,,,,,,,,
,,,,,,,,,,
,,,,,,,,,,
,,,,,,,,,,
,,,,,,,,,,
,,,,,,,,,,
,,,,,,,,,,
,,,,,,,,,,
,,,,,,,,,,
,,,,,,,,,,
,,,,,,,,,,
,,,,,,,,,,
,,,,,,,,,,
,,,,,,,,,,
,,,,,,,,,,
,,,,,,,,,,
,,,,,,,,,,
,,,,,,,,,,
,,,,,,,,,,
,,,,,,,,,,
,,,,,,,,,,
,,,,,,,,,,
,,,,,,,,,,
,,,,,,,,,,
,,,,,,,,,,
,,,,,,,,,,
,,,,,,,,,,
,,,,,,,,,,
,,,,,,,,,,
,,,,,,,,,,
,,,,,,,,,,
,,,,,,,,,,
,,,,,,,,,,
,,,,,,,,,,
,,,,,,,,,,
,,,,,,,,,,
,,,,,,,,,,
,,,,,,,,,,
,,,,,,,,,,
,,,,,,,,,,
,,,,,,,,,,
,,,,,,,,,,
,,,,,,,,,,
,,,,,,,,,,
,,,,,,,,,,
,,,,,,,,,,
,,,,,,,,,,
,,,,,,,,,,
,,,,,,,,,,
,,,,,,,,,,
,,,,,,,,,,
,,,,,,,,,,
,,,,,,,,,,
,,,,,,,,,,
,,,,,,,,,,
,,,,,,,,,,
,,,,,,,,,,
,,,,,,,,,,
,,,,,,,,,,
,,,,,,,,,,
,,,,,,,,,,
,,,,,,,,,,
,,,,,,,,,,
,,,,,,,,,,
,,,,,,,,,,
,,,,,,,,,,
,,,,,,,,,,
,,,,,,,,,,
,,,,,,,,,,
,,,,,,,,,,
,,,,,,,,,,
,,,,,,,,,,
,,,,,,,,,,
,,,,,,,,,,
,,,,,,,,,,
,,,,,,,,,,
,,,,,,,,,,
,,,,,,,,,,
,,,,,,,,,,
,,,,,,,,,,
,,,,,,,,,,
,,,,,,,,,,
,,,,,,,,,,
,,,,,,,,,,
,,,,,,,,,,
,,,,,,,,,,
,,,,,,,,,,
,,,,,,,,,,
,,,,,,,,,,
,,,,,,,,,,
,,,,,,,,,,
,,,,,,,,,,
,,,,,,,,,,
,,,,,,,,,,
,,,,,,,,,,
,,,,,,,,,,
,,,,,,,,,,
,,,,,,,,,,
,,,,,,,,,,
,,,,,,,,,,
,,,,,,,,,,
,,,,,,,,,,
,,,,,,,,,,
,,,,,,,,,,
,,,,,,,,,,
,,,,,,,,,,
,,,,,,,,,,
,,,,,,,,,,
,,,,,,,,,,
,,,,,,,,,,
,,,,,,,,,,
,,,,,,,,,,
,,,,,,,,,,
,,,,,,,,,,
,,,,,,,,,,
,,,,,,,,,,
,,,,,,,,,,
,,,,,,,,,,
,,,,,,,,,,
,,,,,,,,,,
,,,,,,,,,,
,,,,,,,,,,
,,,,,,,,,,
,,,,,,,,,,
,,,,,,,,,,
,,,,,,,,,,
,,,,,,,,,,
,,,,,,,,,,
,,,,,,,,,,
,,,,,,,,,,
,,,,,,,,,,
,,,,,,,,,,
,,,,,,,,,,
,,,,,,,,,,
,,,,,,,,,,
,,,,,,,,,,
,,,,,,,,,,
,,,,,,,,,,
,,,,,,,,,,
,,,,,,,,,,
,,,,,,,,,,
,,,,,,,,,,
,,,,,,,,,,
,,,,,,,,,,
,,,,,,,,,,
,,,,,,,,,,
,,,,,,,,,,
,,,,,,,,,,
,,,,,,,,,,
,,,,,,,,,,
,,,,,,,,,,
,,,,,,,,,,
,,,,,,,,,,
,,,,,,,,,,
,,,,,,,,,,
,,,,,,,,,,
,,,,,,,,,,
,,,,,,,,,,
,,,,,,,,,,
,,,,,,,,,,
,,,,,,,,,,
,,,,,,,,,,
,,,,,,,,,,
,,,,,,,,,,
,,,,,,,,,,
,,,,,,,,,,
,,,,,,,,,,
,,,,,,,,,,
,,,,,,,,,,
,,,,,,,,,,
,,,,,,,,,,
,,,,,,,,,,
,,,,,,,,,,
,,,,,,,,,,
,,,,,,,,,,
,,,,,,,,,,
,,,,,,,,,,
,,,,,,,,,,
,,,,,,,,,,
,,,,,,,,,,
,,,,,,,,,,
,,,,,,,,,,
,,,,,,,,,,
,,,,,,,,,,
,,,,,,,,,,
,,,,,,,,,,
,,,,,,,,,,
,,,,,,,,,,
,,,,,,,,,,
,,,,,,,,,,
,,,,,,,,,,
,,,,,,,,,,
,,,,,,,,,,
,,,,,,,,,,
,,,,,,,,,,
,,,,,,,,,,
,,,,,,,,,,
,,,,,,,,,,
,,,,,,,,,,
,,,,,,,,,,
,,,,,,,,,,
,,,,,,,,,,
,,,,,,,,,,
,,,,,,,,,,
,,,,,,,,,,
,,,,,,,,,,
,,,,,,,,,,
,,,,,,,,,,
,,,,,,,,,,
,,,,,,,,,,
,,,,,,,,,,
,,,,,,,,,,
,,,,,,,,,,
,,,,,,,,,,
,,,,,,,,,,
,,,,,,,,,,
,,,,,,,,,,
,,,,,,,,,,
,,,,,,,,,,
,,,,,,,,,,
,,,,,,,,,,
,,,,,,,,,,
,,,,,,,,,,
,,,,,,,,,,
,,,,,,,,,,
,,,,,,,,,,
,,,,,,,,,,
,,,,,,,,,,
,,,,,,,,,,
,,,,,,,,,,
,,,,,,,,,,
,,,,,,,,,,
,,,,,,,,,,
,,,,,,,,,,
,,,,,,,,,,
,,,,,,,,,,
,,,,,,,,,,
,,,,,,,,,,
,,,,,,,,,,
,,,,,,,,,,
,,,,,,,,,,
,,,,,,,,,,
,,,,,,,,,,
,,,,,,,,,,
,,,,,,,,,,
,,,,,,,,,,
,,,,,,,,,,
,,,,,,,,,,
,,,,,,,,,,
,,,,,,,,,,
,,,,,,,,,,
,,,,,,,,,,
,,,,,,,,,,
,,,,,,,,,,
,,,,,,,,,,
,,,,,,,,,,
,,,,,,,,,,
,,,,,,,,,,
,,,,,,,,,,
,,,,,,,,,,
,,,,,,,,,,
,,,,,,,,,,
,,,,,,,,,,
,,,,,,,,,,
,,,,,,,,,,
,,,,,,,,,,
,,,,,,,,,,
,,,,,,,,,,
,,,,,,,,,,
,,,,,,,,,,
,,,,,,,,,,
,,,,,,,,,,
,,,,,,,,,,
,,,,,,,,,,
,,,,,,,,,,
,,,,,,,,,,
,,,,,,,,,,
,,,,,,,,,,
,,,,,,,,,,
,,,,,,,,,,
,,,,,,,,,,
,,,,,,,,,,
,,,,,,,,,,
,,,,,,,,,,
,,,,,,,,,,
,,,,,,,,,,
,,,,,,,,,,
,,,,,,,,,,
,,,,,,,,,,
,,,,,,,,,,
,,,,,,,,,,
,,,,,,,,,,
,,,,,,,,,,
,,,,,,,,,,
,,,,,,,,,,
,,,,,,,,,,
,,,,,,,,,,
,,,,,,,,,,
,,,,,,,,,,
,,,,,,,,,,
,,,,,,,,,,
,,,,,,,,,,
,,,,,,,,,,
,,,,,,,,,,
,,,,,,,,,,
,,,,,,,,,,
,,,,,,,,,,
,,,,,,,,,,
,,,,,,,,,,
,,,,,,,,,,
,,,,,,,,,,
,,,,,,,,,,
,,,,,,,,,,
,,,,,,,,,,
,,,,,,,,,,
,,,,,,,,,,
,,,,,,,,,,
,,,,,,,,,,
,,,,,,,,,,
,,,,,,,,,,
,,,,,,,,,,
,,,,,,,,,,
,,,,,,,,,,
,,,,,,,,,,
,,,,,,,,,,
,,,,,,,,,,
,,,,,,,,,,
,,,,,,,,,,
,,,,,,,,,,
,,,,,,,,,,
,,,,,,,,,,
,,,,,,,,,,
,,,,,,,,,,
,,,,,,,,,,
,,,,,,,,,,
,,,,,,,,,,
,,,,,,,,,,
,,,,,,,,,,
,,,,,,,,,,
,,,,,,,,,,
,,,,,,,,,,
,,,,,,,,,,
,,,,,,,,,,
,,,,,,,,,,
,,,,,,,,,,
,,,,,,,,,,
,,,,,,,,,,
,,,,,,,,,,
,,,,,,,,,,
,,,,,,,,,,
,,,,,,,,,,
,,,,,,,,,,
,,,,,,,,,,
,,,,,,,,,,
,,,,,,,,,,
,,,,,,,,,,
,,,,,,,,,,
,,,,,,,,,,
,,,,,,,,,,
,,,,,,,,,,
,,,,,,,,,,
,,,,,,,,,,
,,,,,,,,,,
,,,,,,,,,,
,,,,,,,,,,
,,,,,,,,,,
,,,,,,,,,,
,,,,,,,,,,
,,,,,,,,,,
,,,,,,,,,,
,,,,,,,,,,
,,,,,,,,,,
,,,,,,,,,,
,,,,,,,,,,
,,,,,,,,,,
,,,,,,,,,,
,,,,,,,,,,
,,,,,,,,,,
,,,,,,,,,,
,,,,,,,,,,
,,,,,,,,,,
,,,,,,,,,,
,,,,,,,,,,
,,,,,,,,,,
,,,,,,,,,,
,,,,,,,,,,
,,,,,,,,,,
,,,,,,,,,,
,,,,,,,,,,
,,,,,,,,,,
,,,,,,,,,,
,,,,,,,,,,
,,,,,,,,,,
,,,,,,,,,,
,,,,,,,,,,
,,,,,,,,,,
,,,,,,,,,,
,,,,,,,,,,
,,,,,,,,,,
,,,,,,,,,,
,,,,,,,,,,
,,,,,,,,,,
,,,,,,,,,,
,,,,,,,,,,
,,,,,,,,,,
,,,,,,,,,,
,,,,,,,,,,
,,,,,,,,,,
,,,,,,,,,,
,,,,,,,,,,
,,,,,,,,,,
,,,,,,,,,,
,,,,,,,,,,
,,,,,,,,,,
,,,,,,,,,,
,,,,,,,,,,
,,,,,,,,,,
,,,,,,,,,,
,,,,,,,,,,
,,,,,,,,,,
,,,,,,,,,,
,,,,,,,,,,
,,,,,,,,,,
,,,,,,,,,,
,,,,,,,,,,
,,,,,,,,,,
,,,,,,,,,,
,,,,,,,,,,
,,,,,,,,,,
,,,,,,,,,,
,,,,,,,,,,
,,,,,,,,,,
,,,,,,,,,,
,,,,,,,,,,
,,,,,,,,,,
,,,,,,,,,,
,,,,,,,,,,
,,,,,,,,,,
,,,,,,,,,,
,,,,,,,,,,
,,,,,,,,,,
,,,,,,,,,,
,,,,,,,,,,
,,,,,,,,,,
,,,,,,,,,,
,,,,,,,,,,
,,,,,,,,,,
,,,,,,,,,,
,,,,,,,,,,
,,,,,,,,,,
,,,,,,,,,,
,,,,,,,,,,
,,,,,,,,,,
,,,,,,,,,,
,,,,,,,,,,
,,,,,,,,,,
,,,,,,,,,,
,,,,,,,,,,
,,,,,,,,,,
,,,,,,,,,,
,,,,,,,,,,
,,,,,,,,,,
,,,,,,,,,,
,,,,,,,,,,
,,,,,,,,,,
,,,,,,,,,,
,,,,,,,,,,
,,,,,,,,,,
,,,,,,,,,,
,,,,,,,,,,
,,,,,,,,,,
,,,,,,,,,,
,,,,,,,,,,
,,,,,,,,,,
,,,,,,,,,,
,,,,,,,,,,
,,,,,,,,,,
,,,,,,,,,,
,,,,,,,,,,
,,,,,,,,,,
,,,,,,,,,,
,,,,,,,,,,
,,,,,,,,,,
,,,,,,,,,,
,,,,,,,,,,
,,,,,,,,,,
,,,,,,,,,,
,,,,,,,,,,
,,,,,,,,,,
,,,,,,,,,,
,,,,,,,,,,
,,,,,,,,,,
,,,,,,,,,,
,,,,,,,,,,
,,,,,,,,,,
,,,,,,,,,,
,,,,,,,,,,
,,,,,,,,,,
,,,,,,,,,,
,,,,,,,,,,
,,,,,,,,,,
,,,,,,,,,,
,,,,,,,,,,
,,,,,,,,,,
,,,,,,,,,,
,,,,,,,,,,
,,,,,,,,,,
,,,,,,,,,,
,,,,,,,,,,
,,,,,,,,,,
,,,,,,,,,,
,,,,,,,,,,
,,,,,,,,,,
,,,,,,,,,,
,,,,,,,,,,
,,,,,,,,,,
,,,,,,,,,,
,,,,,,,,,,
,,,,,,,,,,
,,,,,,,,,,
,,,,,,,,,,
,,,,,,,,,,
,,,,,,,,,,
,,,,,,,,,,
,,,,,,,,,,
,,,,,,,,,,
,,,,,,,,,,
,,,,,,,,,,
,,,,,,,,,,
,,,,,,,,,,
,,,,,,,,,,
,,,,,,,,,,
,,,,,,,,,,
,,,,,,,,,,
,,,,,,,,,,
,,,,,,,,,,
,,,,,,,,,,
,,,,,,,,,,
,,,,,,,,,,
,,,,,,,,,,
,,,,,,,,,,
,,,,,,,,,,
,,,,,,,,,,
,,,,,,,,,,
,,,,,,,,,,
,,,,,,,,,,
,,,,,,,,,,
,,,,,,,,,,
,,,,,,,,,,
,,,,,,,,,,
,,,,,,,,,,
,,,,,,,,,,
,,,,,,,,,,
,,,,,,,,,,
,,,,,,,,,,
,,,,,,,,,,
,,,,,,,,,,
,,,,,,,,,,
,,,,,,,,,,
,,,,,,,,,,
,,,,,,,,,,
,,,,,,,,,,
,,,,,,,,,,
,,,,,,,,,,
,,,,,,,,,,
,,,,,,,,,,
,,,,,,,,,,
,,,,,,,,,,
,,,,,,,,,,
,,,,,,,,,,
,,,,,,,,,,
,,,,,,,,,,
,,,,,,,,,,
,,,,,,,,,,
,,,,,,,,,,
,,,,,,,,,,
,,,,,,,,,,
,,,,,,,,,,
,,,,,,,,,,
,,,,,,,,,,
,,,,,,,,,,
,,,,,,,,,,
,,,,,,,,,,
,,,,,,,,,,
,,,,,,,,,,
,,,,,,,,,,
,,,,,,,,,,
,,,,,,,,,,
,,,,,,,,,,
,,,,,,,,,,
,,,,,,,,,,
,,,,,,,,,,
,,,,,,,,,,
,,,,,,,,,,
,,,,,,,,,,
,,,,,,,,,,
,,,,,,,,,,
,,,,,,,,,,
,,,,,,,,,,
,,,,,,,,,,
,,,,,,,,,,
,,,,,,,,,,
,,,,,,,,,,
,,,,,,,,,,
,,,,,,,,,,
,,,,,,,,,,
,,,,,,,,,,
,,,,,,,,,,
,,,,,,,,,,
,,,,,,,,,,
,,,,,,,,,,
,,,,,,,,,,
,,,,,,,,,,
,,,,,,,,,,
,,,,,,,,,,
